{
  "good_posture": {
    "precision": 1.0,
    "recall": 0.9920634920634921,
    "f1-score": 0.9960159362549801,
    "support": 126.0
  },
  "shrimp_slouch": {
    "precision": 1.0,
    "recall": 1.0,
    "f1-score": 1.0,
    "support": 69.0
  },
  "forward_lean": {
    "precision": 0.971830985915493,
    "recall": 1.0,
    "f1-score": 0.9857142857142858,
    "support": 69.0
  },
  "looking_down": {
    "precision": 1.0,
    "recall": 0.9855072463768116,
    "f1-score": 0.9927007299270073,
    "support": 69.0
  },
  "accuracy": 0.993993993993994,
  "macro avg": {
    "precision": 0.9929577464788732,
    "recall": 0.9943926846100759,
    "f1-score": 0.9936077379740683,
    "support": 333.0
  },
  "weighted avg": {
    "precision": 0.9941631772617688,
    "recall": 0.993993993993994,
    "f1-score": 0.9940199520942243,
    "support": 333.0
  }
}
