{
  "val": {
    "accuracy": 1.0,
    "precision_weighted": 1.0,
    "recall_weighted": 1.0,
    "f1_weighted": 1.0,
    "confusion_matrix": [
      [
        125,
        0,
        0,
        0
      ],
      [
        0,
        68,
        0,
        0
      ],
      [
        0,
        0,
        68,
        0
      ],
      [
        0,
        0,
        0,
        68
      ]
    ]
  },
  "test": {
    "accuracy": 0.996996996996997,
    "precision_weighted": 0.9970398970398971,
    "recall_weighted": 0.996996996996997,
    "f1_weighted": 0.9970018170883774,
    "confusion_matrix": [
      [
        125,
        0,
        1,
        0
      ],
      [
        0,
        69,
        0,
        0
      ],
      [
        0,
        0,
        69,
        0
      ],
      [
        0,
        0,
        0,
        69
      ]
    ]
  }
}
