{
  "val": {
    "accuracy": 1.0,
    "precision_weighted": 1.0,
    "recall_weighted": 1.0,
    "f1_weighted": 1.0,
    "confusion_matrix": [
      [
        125,
        0,
        0,
        0
      ],
      [
        0,
        68,
        0,
        0
      ],
      [
        0,
        0,
        68,
        0
      ],
      [
        0,
        0,
        0,
        68
      ]
    ]
  },
  "test": {
    "accuracy": 0.993993993993994,
    "precision_weighted": 0.9941631772617688,
    "recall_weighted": 0.993993993993994,
    "f1_weighted": 0.9940199520942243,
    "confusion_matrix": [
      [
        125,
        0,
        1,
        0
      ],
      [
        0,
        69,
        0,
        0
      ],
      [
        0,
        0,
        69,
        0
      ],
      [
        0,
        0,
        1,
        68
      ]
    ]
  }
}
